day,Market
2012/11/13,0.510092101
2012/11/14,-0.385635446
2012/11/15,0.352893374
2012/11/16,-0.020017528
2012/11/17,0.558687822
2012/11/18,-0.731664163
2012/11/19,0.487064711
2012/11/20,-0.606874064
2012/11/21,0.532308306
2012/11/22,-0.274591186
2012/11/23,0.206350938
2012/11/24,0.132126676
2012/11/25,0.122839099
2012/11/26,0.071910669
2012/11/27,-0.323287694
2012/11/28,0.155763571
2012/11/29,0.011876055
2012/11/30,0.012846446
2012/12/1,-0.153782188
2012/12/2,0.01444445
2012/12/3,-0.295751186
2012/12/4,0.313434478
2012/12/5,-0.277360587
2012/12/6,0.219861998
2012/12/7,-0.066818604
2012/12/8,0.259914483
2012/12/9,0.00740081
2012/12/10,-0.22287689
2012/12/11,0.09461405
2012/12/12,0.11659267
2012/12/13,-0.580796697
2012/12/14,0.000284026
2012/12/15,0.452753569
2012/12/16,-0.26712609
2012/12/17,0.305717115
2012/12/18,0.239311113
2012/12/19,-0.328531632
2012/12/20,-0.387197148
2012/12/21,0.296074552
2012/12/22,0.050700323
2012/12/23,-0.574883982
2012/12/24,0.47507705
2012/12/25,-0.0355688
2012/12/26,-0.197648283
2012/12/27,-0.147583833
2012/12/28,0.515159879
2012/12/29,0.132506806
2012/12/30,-0.466976871
2012/12/31,0.54061031
2013/1/1,-0.080958573
2013/1/2,0.142410016
2013/1/3,-0.007258888
2013/1/4,-0.051863921
2013/1/5,0.031116175
2013/1/6,0.012458527
2013/1/7,-0.033643385
2013/1/8,-0.04848748
2013/1/9,-0.349906869
2013/1/10,0.236629083
2013/1/11,0.103509505
2013/1/12,0.161470221
2013/1/13,-0.071451156
2013/1/14,-0.162015455
2013/1/15,-0.195188458
2013/1/16,0.352459471
2013/1/17,0.031001531
2013/1/18,-0.024036734
2013/1/19,-0.153023467
2013/1/20,-0.366798981
2013/1/21,0.222224988
2013/1/22,0.16571969
2013/1/23,-0.107479348
2013/1/24,-0.143882032
2013/1/25,0.190284867
2013/1/26,-0.267110577
2013/1/27,0.365054597
2013/1/28,-0.189098074
2013/1/29,0.154991709
2013/1/30,-0.207072343
2013/1/31,-0.254101334
2013/2/1,0.087046075
2013/2/2,0.088713488
2013/2/3,-0.030310791
2013/2/4,-0.068273026
2013/2/5,0.321088098
2013/2/6,-0.018823637
2013/2/7,0.036430345
2013/2/8,0.016570066
2013/2/9,0.152406856
2013/2/10,-0.854923336
2013/2/11,0.607956427
2013/2/12,-0.292168443
2013/2/13,0.074016639
2013/2/14,0.296901948
2013/2/15,-0.094376909
2013/2/16,0.113438896
2013/2/17,-0.371393072
2013/2/18,-0.001226013
2013/2/19,0.266117655
2013/2/20,-0.618869897
2013/2/21,0.196804696
2013/2/22,0.308114995
2013/2/23,-0.049040647
2013/2/24,-0.401967217
2013/2/25,-0.112796159
2013/2/26,0.300905071
2013/2/27,0.297900511
2013/2/28,-0.073120039
2013/3/1,-0.081528811
2013/3/2,0.101830869
2013/3/3,0.314069072
2013/3/4,-0.212877143
2013/3/5,0.148398541
2013/3/6,-0.141954952
2013/3/7,0.052654561
2013/3/8,-0.050398998
2013/3/9,0.220067395
2013/3/10,-0.196697001
2013/3/11,0.119727583
2013/3/12,-0.150254201
2013/3/13,0.214329957
2013/3/14,-0.26711152
2013/3/15,0.162228657
2013/3/16,-0.080968642
2013/3/17,-0.885443047
2013/3/18,0.91895676
2013/3/19,-0.163963125
2013/3/20,0.131053465
2013/3/21,-0.014437775
2013/3/22,-0.062834034
2013/3/23,0.476779666
2013/3/24,-0.544915216
2013/3/25,0.165564388
2013/3/26,-0.087626227
2013/3/27,0.018156378
2013/3/28,-0.028769247
2013/3/29,0.277535022
2013/3/30,-0.092551557
2013/3/31,-0.534826776
2013/4/1,0.237221308
2013/4/2,0.011221573
2013/4/3,-0.222878644
2013/4/4,-0.009388656
2013/4/5,0.085968603
2013/4/6,0.28837885
2013/4/7,-0.531055105
2013/4/8,0.583656334
2013/4/9,-0.015966838
2013/4/10,-0.147661036
2013/4/11,0.237183583
2013/4/12,-0.083524929
2013/4/13,-0.060091203
2013/4/14,-0.538860341
2013/4/15,-0.151973671
2013/4/16,0.739029207
2013/4/17,-0.779077051
2013/4/18,0.217376331
2013/4/19,0.198548388
2013/4/20,0.572419948
2013/4/21,-0.784476054
2013/4/22,0.42221339
2013/4/23,-0.191273446
2013/4/24,0.296825951
2013/4/25,0.230209045
2013/4/26,-0.14506127
2013/4/27,-0.191443711
2013/4/28,0.191675919
2013/4/29,0.031955382
2013/4/30,0.07188837
2013/5/1,-0.169690424
2013/5/2,0.186238451
2013/5/3,0.060457141
2013/5/4,-0.104547929
2013/5/5,0.099397073
2013/5/6,0.04864517
2013/5/7,-0.185289353
2013/5/8,0.095498649
2013/5/9,0.002574575
2013/5/10,-0.079689097
2013/5/11,0.04486054
2013/5/12,-0.151075989
2013/5/13,0.10414433
2013/5/14,0.070577362
2013/5/15,-0.224798907
2013/5/16,-0.043542186
2013/5/17,0.072034782
2013/5/18,0.200916847
2013/5/19,-0.186172573
2013/5/20,0.204001908
2013/5/21,0.044268051
2013/5/22,-0.452605797
2013/5/23,0.060507526
2013/5/24,0.231703513
2013/5/25,0.111307599
2013/5/26,0.001903189
2013/5/27,-0.092798817
2013/5/28,-0.067776972
2013/5/29,-0.004210738
2013/5/30,0.15813035
2013/5/31,-0.821908877
2013/6/1,-0.214098588
2013/6/2,0.34685991
2013/6/3,-0.003743461
2013/6/4,-0.058322548
2013/6/5,-0.005147811
2013/6/6,0.235093225
2013/6/7,0.532686972
2013/6/8,0.13083592
2013/6/9,-0.148709209
2013/6/10,0.004992829
2013/6/11,-0.457974063
2013/6/12,-0.34501377
2013/6/13,0.60150276
2013/6/14,0.094825165
2013/6/15,-0.079780943
2013/6/16,0.218306228
2013/6/17,0.04651673
2013/6/18,-0.044275349
2013/6/19,-0.191343402
2013/6/20,-0.543548836
2013/6/21,0.269272168
2013/6/22,-0.262532313
2013/6/23,0.141041846
2013/6/24,0.17306771
2013/6/25,0.172800427
2013/6/26,0.027506582
2013/6/27,0.036764371
2013/6/28,-0.579990808
2013/6/29,-0.034034017
2013/6/30,-0.106686867
2013/7/1,0.713029118
2013/7/2,-0.323863886
2013/7/3,0.372240652
2013/7/4,-0.713004433
2013/7/5,0.491753676
2013/7/6,0.10567255
2013/7/7,0.164803705
2013/7/8,-0.17499973
2013/7/9,0.178716631
2013/7/10,-0.072388668
2013/7/11,0.237542562
2013/7/12,0.028567011
2013/7/13,-0.019118061
2013/7/14,0.174548885
2013/7/15,-0.306630074
2013/7/16,-0.247007858
2013/7/17,0.126775533
2013/7/18,-0.098947384
2013/7/19,0.201081901
2013/7/20,0.013248723
2013/7/21,0.00373584
2013/7/22,-0.111754471
2013/7/23,-0.170406545
2013/7/24,0.247364282
2013/7/25,-0.051652265
2013/7/26,0.219701125
2013/7/27,-0.147253618
2013/7/28,-0.215337933
2013/7/29,0.2595869
2013/7/30,-0.150985026
2013/7/31,-0.068496157
2013/8/1,0.220147774
2013/8/2,-0.04393974
2013/8/3,0.140851178
2013/8/4,-0.033400898
2013/8/5,0.037252863
2013/8/6,-0.199715886
2013/8/7,-0.111154118
2013/8/8,0.199417551
2013/8/9,-0.077806508
2013/8/10,-0.035155128
2013/8/11,-0.573114197
2013/8/12,0.65417167
2013/8/13,0.023495024
2013/8/14,-0.036780437
2013/8/15,-0.207058437
2013/8/16,0.074468841
2013/8/17,-0.401659628
2013/8/18,0.299469553
2013/8/19,-0.028460865
2013/8/20,0.056133099
2013/8/21,-0.203683785
2013/8/22,0.347196206
2013/8/23,0.174275571
2013/8/24,-0.058335369
2013/8/25,-0.059261789
2013/8/26,-0.074788298
2013/8/27,-0.348980105
2013/8/28,0.21332156
2013/8/29,0.010382394
2013/8/30,-0.483651753
2013/8/31,0.552576582
2013/9/1,-0.211619065
2013/9/2,-0.03084619
2013/9/3,0.115257789
2013/9/4,0.205662576
2013/9/5,0.108833632
2013/9/6,-0.104247204
2013/9/7,0.120439818
2013/9/8,0.16352837
2013/9/9,-0.0602078
2013/9/10,-0.051314895
2013/9/11,-0.195576149
2013/9/12,0.091974297
2013/9/13,-0.03402299
2013/9/14,0.123826102
2013/9/15,-0.055063807
2013/9/16,-0.77260586
2013/9/17,0.275530276
2013/9/18,0.26037775
2013/9/19,-0.002935903
2013/9/20,0.00531868
2013/9/21,-0.070196302
2013/9/22,0.098277686
2013/9/23,-0.030892244
2013/9/24,0.021096861
2013/9/25,-0.065321576
2013/9/26,0.114655681
2013/9/27,0.105865004
2013/9/28,0.116156973
2013/9/29,-0.085278589
2013/9/30,-0.136811218
2013/10/1,0.19742458
2013/10/2,-0.137334543
2013/10/3,-0.090348988
2013/10/4,0.250516297
2013/10/5,0.038403608
2013/10/6,-0.026491935
2013/10/7,-0.124148659
2013/10/8,-0.58501218
2013/10/9,0.22549101
2013/10/10,0.39494391
2013/10/11,0.027770898
2013/10/12,0.13192447
2013/10/13,-0.254347479
2013/10/14,0.224605777
2013/10/15,-0.375968556
2013/10/16,0.300843244
2013/10/17,0.071606208
2013/10/18,0.065813763
2013/10/19,0.052532526
2013/10/20,-0.100046675
2013/10/21,-0.073784878
2013/10/22,-0.110044307
2013/10/23,-0.122718189
2013/10/24,0.191757776
2013/10/25,-0.129650763
2013/10/26,0.075197531
2013/10/27,-0.183510482
2013/10/28,0.239128512
2013/10/29,0.015228602
2013/10/30,-0.0778239
2013/10/31,0.003486684
2013/11/1,-0.083083375
2013/11/2,0.195659291
2013/11/3,-0.072177097
2013/11/4,0.00359071
2013/11/5,-0.116832333
2013/11/6,-0.237391417
2013/11/7,-0.450486356
2013/11/8,0.527428063
2013/11/9,0.244587528
2013/11/10,0.030737052
2013/11/11,-0.030798693
2013/11/12,-0.083564184
2013/11/13,0.050455536
2013/11/14,0.178034772
2013/11/15,-0.058154301
2013/11/16,-0.009719635
2013/11/17,0.213330773
2013/11/18,-0.482213309
2013/11/19,-0.147642992
2013/11/20,0.027009263
2013/11/21,0.293238509
2013/11/22,0.03505857
2013/11/23,0.184614323
2013/11/24,-0.191703841
2013/11/25,-0.117527291
2013/11/26,0.130487053
2013/11/27,0.096722295
2013/11/28,0.052340416
2013/11/29,-0.10307396
2013/11/30,0.02063368
2013/12/1,0.040422968
2013/12/2,-0.077915045
2013/12/3,-0.022657543
2013/12/4,0.10602715
2013/12/5,0.009404028
2013/12/6,-0.081774438
2013/12/7,0.092488317
2013/12/8,-0.052521538
2013/12/9,0.011486554
2013/12/10,-0.023711457
2013/12/11,-0.223139611
2013/12/12,0.083700148
2013/12/13,0.015746567
2013/12/14,0.148649626
2013/12/15,-0.060744638
2013/12/16,-0.133632983
2013/12/17,0.049801405
2013/12/18,-0.025114017
2013/12/19,0.143231566
2013/12/20,0.071336897
2013/12/21,0.142220283
2013/12/22,0.004423856
2013/12/23,-0.053103398
2013/12/24,-0.136867812
2013/12/25,0.138203306
2013/12/26,-0.406020161
2013/12/27,-0.141775691
2013/12/28,0.25826709
2013/12/29,0.223138696
2013/12/30,-0.366608085
2013/12/31,0.368370445
2014/1/1,0.114176224
2014/1/2,-0.195212339
2014/1/3,-0.048449064
2014/1/4,0.118270436
2014/1/5,-0.191043183
2014/1/6,0.060681299
2014/1/7,-0.000397448
2014/1/8,0.073599688
2014/1/9,-0.217027397
2014/1/10,0.128211827
2014/1/11,0.163983039
2014/1/12,0.024779091
2014/1/13,-0.19478285
2014/1/14,0.143638858
2014/1/15,0.072450347
2014/1/16,-0.090873472
2014/1/17,-0.011180499
2014/1/18,-0.055376084
2014/1/19,-0.004350141
2014/1/20,0.037948905
2014/1/21,0.017989867
2014/1/22,0.070342358
2014/1/23,-0.176725551
2014/1/24,0.004397005
2014/1/25,0.178333798
2014/1/26,-0.085519027
2014/1/27,-0.293599236
2014/1/28,0.218804751
2014/1/29,-0.012637754
2014/1/30,0.039747484
2014/1/31,-0.07585962
2014/2/1,-0.074698248
2014/2/2,0.035656013
2014/2/3,-0.4615718
2014/2/4,0.488497518
2014/2/5,-0.315013674
2014/2/6,0.163486578
2014/2/7,0.349358518
2014/2/8,0.012419979
2014/2/9,-0.067500637
2014/2/10,0.068910048
2014/2/11,-0.043706504
2014/2/12,-0.072089061
2014/2/13,0.081811952
2014/2/14,-0.091391517
2014/2/15,0.078843212
2014/2/16,0.019461706
2014/2/17,-0.084924424
2014/2/18,0.068421455
2014/2/19,-0.209277533
2014/2/20,0.086187633
2014/2/21,-0.077680921
2014/2/22,0.362421034
2014/2/23,-0.160162958
2014/2/24,0.01226063
2014/2/25,-0.054067216
2014/2/26,0.010845111
2014/2/27,0.065299633
2014/2/28,-0.106387721
2014/3/1,0.076453411
2014/3/2,-0.41558728
2014/3/3,0.406875489
2014/3/4,0.085165847
2014/3/5,0.005290638
2014/3/6,-0.08931329
2014/3/7,-0.003437982
2014/3/8,0.02751504
2014/3/9,0.030252676
2014/3/10,-0.03842096
2014/3/11,-0.338387559
2014/3/12,0.274890041
2014/3/13,-0.128184002
2014/3/14,-0.225086992
2014/3/15,0.406983261
2014/3/16,-0.048339722
2014/3/17,-0.09109055
2014/3/18,0.116196618
2014/3/19,0.028771996
2014/3/20,-0.136917221
2014/3/21,0.020501183
2014/3/22,0.087280668
2014/3/23,-0.230304776
2014/3/24,0.05730632
2014/3/25,0.146219366
2014/3/26,-0.322258374
2014/3/27,0.261951013
2014/3/28,0.013197908
2014/3/29,0.158071857
2014/3/30,-0.226176921
2014/3/31,0.130325146
2014/4/1,0.083455207
2014/4/2,0.026987387
2014/4/3,-0.159453763
2014/4/4,-0.26779548
2014/4/5,0.129035748
2014/4/6,0.112673433
2014/4/7,-0.30225271
2014/4/8,0.297335565
2014/4/9,0.130978838
2014/4/10,-0.683542034
2014/4/11,0.155151453
2014/4/12,0.163749772
2014/4/13,-0.310021749
2014/4/14,0.12993
2014/4/15,0.128680664
2014/4/16,0.220133329
2014/4/17,0.126240034
2014/4/18,0.148110615
2014/4/19,-0.062885008
2014/4/20,0.014501091
2014/4/21,-0.028332861
2014/4/22,-0.140864274
2014/4/23,-0.02298459
2014/4/24,-0.14572141
2014/4/25,-0.480034129
2014/4/26,0.615928373
2014/4/27,-0.346041772
2014/4/28,0.102022428
2014/4/29,0.119799912
2014/4/30,0.066388909
2014/5/1,-0.018988091
2014/5/2,-0.099433017
2014/5/3,0.120766872
2014/5/4,0.083492009
2014/5/5,-0.047244569
2014/5/6,-0.486391972
2014/5/7,-0.001927532
2014/5/8,0.222902924
2014/5/9,0.087290874
2014/5/10,0.36125218
2014/5/11,-0.131877149
2014/5/12,0.099282127
2014/5/13,-0.14403466
2014/5/14,-0.198969755
2014/5/15,-0.105547019
2014/5/16,0.222545686
2014/5/17,0.187512972
2014/5/18,0.105284893
2014/5/19,-0.156308224
2014/5/20,-0.311171301
2014/5/21,0.188055272
2014/5/22,0.099551196
2014/5/23,0.095687295
2014/5/24,-0.202771322
2014/5/25,-0.224879154
2014/5/26,-0.025868364
2014/5/27,0.331775479
2014/5/28,0.085872739
2014/5/29,-0.048707379
2014/5/30,-0.060870227
2014/5/31,0.056823209
2014/6/1,-0.024431346
2014/6/2,-0.327672038
2014/6/3,0.322694441
2014/6/4,0.082797567
2014/6/5,0.070895979
2014/6/6,-0.112564833
2014/6/7,0.148556323
2014/6/8,0.041550206
2014/6/9,-0.089342506
2014/6/10,-0.017429875
2014/6/11,-0.070410222
2014/6/12,-0.125643792
2014/6/13,0.090648803
2014/6/14,0.329812997
2014/6/15,-0.154997473
2014/6/16,-0.102987036
2014/6/17,0.047032697
2014/6/18,0.014848984
2014/6/19,0.00977318
2014/6/20,-0.000481565
2014/6/21,0.158987982
2014/6/22,-0.080148829
2014/6/23,-0.009877824
2014/6/24,-0.151495095
2014/6/25,0.007668534
2014/6/26,0.065727617
2014/6/27,0.073474862
2014/6/28,-0.035321636
2014/6/29,0.122100874
2014/6/30,-0.091488422
2014/7/1,-0.016341496
2014/7/2,-0.108772285
2014/7/3,-0.126290495
2014/7/4,-0.005593956
2014/7/5,0.224780633
2014/7/6,-0.09087202
2014/7/7,-0.056592548
2014/7/8,-0.150405824
2014/7/9,0.209095113
2014/7/10,-0.053042898
2014/7/11,0.068711915
2014/7/12,0.037617932
2014/7/13,-0.179225893
2014/7/14,0.230535888
2014/7/15,-0.110923068
2014/7/16,-0.070871729
2014/7/17,-0.272619527
2014/7/18,0.345681959
2014/7/19,-0.056466173
2014/7/20,0.050062549
2014/7/21,0.110639416
2014/7/22,-0.131093974
2014/7/23,0.111418217
2014/7/24,-0.119036053
2014/7/25,-0.166821509
2014/7/26,0.129933053
2014/7/27,-0.190400079
2014/7/28,0.092507314
2014/7/29,0.122848137
2014/7/30,-0.009811438
2014/7/31,-0.158058325
2014/8/1,-0.030654335
2014/8/2,0.362790202
2014/8/3,-0.157316929
2014/8/4,-0.067923446
2014/8/5,-0.05043868
2014/8/6,0.045273101
2014/8/7,-0.053897605
2014/8/8,0.098684348
2014/8/9,0.137571661
2014/8/10,-0.05348298
2014/8/11,0.049468606
2014/8/12,-0.199281203
2014/8/13,0.064249712
2014/8/14,0.05653728
2014/8/15,-0.037562214
2014/8/16,0.079566631
2014/8/17,-0.095039622
2014/8/18,0.181081837
2014/8/19,-0.135581515
2014/8/20,-0.100939414
2014/8/21,-0.038681368
2014/8/22,0.151507905
2014/8/23,0.081551799
2014/8/24,0.00822524
2014/8/25,-0.104322413
2014/8/26,-0.021926453
2014/8/27,0.023093525
2014/8/28,0.013418081
2014/8/29,0.025124099
2014/8/30,0.045831643
2014/8/31,0.084584962
2014/9/1,-0.229967249
2014/9/2,0.127613655
2014/9/3,-0.145470523
2014/9/4,-0.012802245
2014/9/5,0.097216593
2014/9/6,0.143291006
2014/9/7,-0.016200888
2014/9/8,-0.054469217
2014/9/9,-0.197121118
2014/9/10,0.04242597
2014/9/11,0.042237016
2014/9/12,0.032029924
2014/9/13,0.067099278
2014/9/14,0.085561203
2014/9/15,-0.414965635
2014/9/16,0.06598784
2014/9/17,0.105391158
2014/9/18,-0.079993834
2014/9/19,-0.124521679
2014/9/20,0.179841405
2014/9/21,0.088285255
2014/9/22,-0.473203892
2014/9/23,0.290634034
2014/9/24,0.11546968
2014/9/25,-0.139244878
2014/9/26,0.186910645
2014/9/27,0.131782669
2014/9/28,-0.093456764
2014/9/29,-0.190094712
2014/9/30,-0.004467246
2014/10/1,-0.107268695
2014/10/2,0.141637179
2014/10/3,0.22863949
2014/10/4,-0.029543739
2014/10/5,-0.200576665
2014/10/6,-0.082316688
2014/10/7,-0.088602885
2014/10/8,0.051146323
2014/10/9,-0.127822039
2014/10/10,0.092841101
2014/10/11,0.028936521
2014/10/12,0.156441374
2014/10/13,-0.061504247
2014/10/14,0.050701092
2014/10/15,-0.02745247
2014/10/16,0.151021103
2014/10/17,-0.076829429
2014/10/18,0.169810664
2014/10/19,-0.131070293
2014/10/20,0.028052451
2014/10/21,-0.006151537
2014/10/22,-0.19322095
2014/10/23,-0.055342963
2014/10/24,0.21637498
2014/10/25,0.066276047
2014/10/26,-0.012740914
2014/10/27,-0.131451279
2014/10/28,-0.000706483
2014/10/29,-0.015051883
2014/10/30,-0.012798386
2014/10/31,0.198813955
2014/11/1,0.004673263
2014/11/2,0.065701972
2014/11/3,-0.13134704
2014/11/4,-0.074830971
2014/11/5,-0.050413132
2014/11/6,0.123369362
2014/11/7,0.047498559
2014/11/8,0.042071146
2014/11/9,0.080069683
2014/11/10,-0.11523635
2014/11/11,-0.036582732
2014/11/12,0.063321415
2014/11/13,-0.109739806
2014/11/14,0.072626947
2014/11/15,0.10694492
2014/11/16,-0.140509847
2014/11/17,-0.057244783
2014/11/18,0.068476952
2014/11/19,-0.211326395
2014/11/20,0.16188585
2014/11/21,0.054753993
2014/11/22,-0.076443466
2014/11/23,0.163496173
2014/11/24,-0.024110274
2014/11/25,-0.031050682
2014/11/26,0.004382576
2014/11/27,-0.425791
2014/11/28,0.205211843
2014/11/29,-0.045639754
2014/11/30,0.000401593
2014/12/1,-0.018472409
2014/12/2,0.211507259
2014/12/3,-0.002080086
2014/12/4,-0.216682287
2014/12/5,0.112796217
2014/12/6,0.090975455
2014/12/7,0.029868777
2014/12/8,-0.423141647
2014/12/9,0.364293563
2014/12/10,-0.24977333
2014/12/11,-0.017338946
2014/12/12,-0.088053468
2014/12/13,0.176826176
2014/12/14,0.047147708
2014/12/15,-0.306512923
2014/12/16,0.058724135
2014/12/17,0.454032509
2014/12/18,0.059477639
2014/12/19,0.008238159
2014/12/20,-0.107210634
2014/12/21,0.264190328
2014/12/22,-0.348673207
2014/12/23,0.053490307
2014/12/24,0.056883697
2014/12/25,0.052130491
2014/12/26,0.046583174
2014/12/27,-0.086898098
2014/12/28,0.148189517
2014/12/29,-0.235277238
2014/12/30,0.147343793
2014/12/31,-0.121923577
2015/1/1,0.028454745
2015/1/2,0.015073404
2015/1/3,0.097336001
2015/1/4,-0.196623428
2015/1/5,-0.054419354
2015/1/6,-0.006110124
2015/1/7,0.142165958
2015/1/8,0.044933313
2015/1/9,0.009868548
2015/1/10,-0.054543179
2015/1/11,0.020229445
2015/1/12,-0.125613153
2015/1/13,-0.121332222
2015/1/14,0.103601391
2015/1/15,-0.236053584
2015/1/16,0.300185487
2015/1/17,0.184542055
2015/1/18,-0.095607937
2015/1/19,0.010812734
2015/1/20,-0.093600392
2015/1/21,0.093532913
2015/1/22,0.117184305
2015/1/23,-0.057865153
2015/1/24,0.04478084
2015/1/25,-0.063689435
2015/1/26,0.046654026
2015/1/27,-0.017983521
2015/1/28,-0.097255864
2015/1/29,-0.011237464
2015/1/30,-0.05497841
2015/1/31,0.053179644
2015/2/1,-0.007940066
2015/2/2,0.037811297
2015/2/3,0.10660236
2015/2/4,-0.129660199
2015/2/5,0.005177166
2015/2/6,-0.00019272
2015/2/7,-0.09992285
2015/2/8,0.012200282
2015/2/9,0.030687102
2015/2/10,0.10795327
2015/2/11,-0.062336106
2015/2/12,0.108635478
2015/2/13,0.03300028
2015/2/14,-0.030478594
2015/2/15,0.064872707
2015/2/16,-0.098552033
2015/2/17,0.054923192
2015/2/18,-0.14549821
2015/2/19,0.064850917
2015/2/20,-0.003970458
2015/2/21,0.157280453
2015/2/22,-0.227155089
2015/2/23,0.109020461
2015/2/24,-0.096516656
2015/2/25,0.126473405
2015/2/26,-0.070243124
2015/2/27,-0.105704397
2015/2/28,0.082302287
2015/3/1,-0.016749278
2015/3/2,-0.044434461
2015/3/3,0.067236371
2015/3/4,0.077494489
2015/3/5,-0.143231747
2015/3/6,-0.130366627
2015/3/7,0.021382509
2015/3/8,0.152020914
2015/3/9,-0.093542076
2015/3/10,-0.059534006
2015/3/11,0.063501145
2015/3/12,0.173931198
2015/3/13,-0.102825098
2015/3/14,0.109695402
2015/3/15,-0.101886322
2015/3/16,0.073636784
2015/3/17,-0.070507797
2015/3/18,-0.031579305
2015/3/19,0.070812432
2015/3/20,0.039207489
2015/3/21,0.050587922
2015/3/22,-0.16733336
2015/3/23,0.013701608
2015/3/24,0.011595839
2015/3/25,-0.170009723
2015/3/26,0.158095604
2015/3/27,0.012165518
2015/3/28,-0.035066396
2015/3/29,0.06803914
2015/3/30,-0.015478548
2015/3/31,-0.001897912
2015/4/1,-0.118769092
2015/4/2,0.149793224
2015/4/3,-0.204553413
2015/4/4,0.227095727
2015/4/5,-0.178941945
2015/4/6,0.141281716
2015/4/7,-0.062447278
2015/4/8,0.084521712
2015/4/9,0.010504554
2015/4/10,-0.007920158
2015/4/11,0.098925692
2015/4/12,0.078874951
2015/4/13,-0.260924961
2015/4/14,0.098010244
2015/4/15,0.028953142
2015/4/16,-0.088919408
2015/4/17,-0.120562092
2015/4/18,0.297159391
2015/4/19,-0.13811065
2015/4/20,0.000450672
2015/4/21,0.020783061
2015/4/22,-0.021643466
2015/4/23,0.094645396
2015/4/24,-0.067551853
2015/4/25,0.148714608
2015/4/26,-0.264339622
2015/4/27,0.09523452
2015/4/28,-0.08677435
2015/4/29,-0.069371196
2015/4/30,-0.04911835
2015/5/1,0.165665902
2015/5/2,-0.029187803
2015/5/3,0.115308142
2015/5/4,-0.036329317
2015/5/5,-0.241807902
2015/5/6,0.079131302
2015/5/7,0.096771041
2015/5/8,0.107851387
2015/5/9,-0.062785136
2015/5/10,-0.141798747
2015/5/11,0.073636351
2015/5/12,-0.163663737
2015/5/13,0.055942242
2015/5/14,0.110104048
2015/5/15,0.031274387
2015/5/16,0.098711814
2015/5/17,0.028917363
2015/5/18,-0.041743642
2015/5/19,-0.083947973
2015/5/20,0.06596212
2015/5/21,-0.086190636
2015/5/22,0.084875393
2015/5/23,0.085668314
2015/5/24,0.126152272
2015/5/25,-0.236721431
2015/5/26,-0.074743278
2015/5/27,0.155396229
2015/5/28,-0.044749567
2015/5/29,-0.189466323
2015/5/30,0.200868502
2015/5/31,-0.068934968
2015/6/1,-0.05724471
2015/6/2,0.025910526
2015/6/3,0.017933826
2015/6/4,-0.026415836
2015/6/5,0.060732671
2015/6/6,0.241207789
2015/6/7,-0.123430539
2015/6/8,-0.142025781
2015/6/9,0.00110707
2015/6/10,0.017303699
2015/6/11,-0.094226489
2015/6/12,0.067856394
2015/6/13,0.109533042
2015/6/14,-0.060014039
2015/6/15,-0.033085783
2015/6/16,-0.134552649
2015/6/17,0.085982346
2015/6/18,0.060849522
2015/6/19,0.003685628
2015/6/20,0.122288141
2015/6/21,-0.052900306
2015/6/22,-0.064360266
2015/6/23,-0.021070605
2015/6/24,-0.123372712
2015/6/25,-0.057775912
2015/6/26,0.027078375
2015/6/27,-0.016070592
2015/6/28,-0.278961393
2015/6/29,-0.015583367
2015/6/30,0.343413392
2015/7/1,-0.022438436
2015/7/2,-0.081131331
2015/7/3,0.03324311
2015/7/4,0.251593907
2015/7/5,-0.482557662
2015/7/6,0.111764411
2015/7/7,0.035805931
2015/7/8,0.000932582
2015/7/9,0.120751826
2015/7/10,0.146514148
2015/7/11,-0.014463061
2015/7/12,0.056311521
2015/7/13,-0.029393603
2015/7/14,-0.015891359
2015/7/15,-0.139442157
2015/7/16,0.164895338
2015/7/17,-0.123251682
2015/7/18,0.222596386
2015/7/19,-0.106097403
2015/7/20,-0.204053151
2015/7/21,0.046599275
2015/7/22,0.077316355
2015/7/23,-0.027699945
2015/7/24,-0.125584039
2015/7/25,0.161587587
2015/7/26,-0.064917612
2015/7/27,-0.165739545
2015/7/28,0.167518867
2015/7/29,0.040422269
2015/7/30,0.005426479
2015/7/31,-0.048229489
2015/8/1,0.253164079
2015/8/2,-0.053552293
2015/8/3,-0.387964898
2015/8/4,0.03988354
2015/8/5,-0.039602582
2015/8/6,0.043840764
2015/8/7,-0.03595108
2015/8/8,0.389575935
2015/8/9,-0.18529843
2015/8/10,0.070531506
2015/8/11,-0.394269712
2015/8/12,0.306288479
2015/8/13,0.029596777
2015/8/14,-0.020597611
2015/8/15,0.170584588
2015/8/16,-0.171586375
2015/8/17,-0.002467586
2015/8/18,-0.030908194
2015/8/19,-0.168785057
2015/8/20,-0.325654079
2015/8/21,-0.079751725
2015/8/22,0.511491732
2015/8/23,-0.969005673
2015/8/24,0.603997489
2015/8/25,-0.036317701
2015/8/26,0.294829965
2015/8/27,0.300413091
2015/8/28,0.021419613
2015/8/29,0.109463678
2015/8/30,-0.453598327
2015/8/31,0.232032381
2015/9/1,-0.446924349
2015/9/2,0.365127432
2015/9/3,-0.161450527
2015/9/4,-0.113507997
2015/9/5,0.284986024
2015/9/6,-0.071367219
2015/9/7,-0.266220071
2015/9/8,0.290401665
2015/9/9,-0.318370517
2015/9/10,0.265222822
2015/9/11,-0.005865587
2015/9/12,0.210433838
2015/9/13,-0.260617358
2015/9/14,0.048741722
2015/9/15,0.181891695
2015/9/16,-0.000612629
2015/9/17,0.022580651
2015/9/18,-0.097338585
2015/9/19,0.098488496
2015/9/20,-0.035648308
2015/9/21,-0.081071752
2015/9/22,-0.22877108
2015/9/23,0.157175293
2015/9/24,-0.004347974
2015/9/25,-0.149396247
2015/9/26,0.157621226
2015/9/27,-0.272158774
2015/9/28,-0.227973509
2015/9/29,0.253101909
2015/9/30,0.299146601
2015/10/1,-0.224853545
2015/10/2,0.308985365
2015/10/3,0.105284386
2015/10/4,-0.039037349
2015/10/5,-0.047566917
2015/10/6,-0.120875961
2015/10/7,0.077651538
2015/10/8,-0.032556478
2015/10/9,0.115178795
2015/10/10,0.170250368
2015/10/11,-0.107479949
2015/10/12,-0.071454708
2015/10/13,-0.155285865
2015/10/14,-0.169427735
2015/10/15,0.279523704
2015/10/16,0.095929512
2015/10/17,-0.018127453
2015/10/18,-0.019028706
2015/10/19,0.000600637
2015/10/20,-0.152190402
2015/10/21,-0.143461271
2015/10/22,0.25490986
2015/10/23,0.105200996
2015/10/24,0.126944439
2015/10/25,-0.208073125
2015/10/26,-0.035628556
2015/10/27,-0.10980635
2015/10/28,0.271410379
2015/10/29,-0.167377837
2015/10/30,-0.193467204
2015/10/31,0.032999821
2015/11/1,-0.098044458
2015/11/2,0.35214239
2015/11/3,0.044340911
2015/11/4,-0.100683736
2015/11/5,-0.064566506
2015/11/6,0.030787331
2015/11/7,0.012276615
2015/11/8,0.102853376
2015/11/9,-0.060737744
2015/11/10,-0.100172194
2015/11/11,-0.068082593
2015/11/12,-0.093405299
2015/11/13,0.049737612
2015/11/14,0.139341684
2015/11/15,-0.122790455
2015/11/16,0.070606281
2015/11/17,-0.219030739
2015/11/18,0.329118806
2015/11/19,-0.080533974
2015/11/20,0.045078048
2015/11/21,0.054377332
2015/11/22,-0.013650349
2015/11/23,0.039363204
2015/11/24,-0.017626441
2015/11/25,0.167729807
2015/11/26,-0.109925651
2015/11/27,0.080245565
2015/11/28,0.066047413
2015/11/29,-0.105560221
2015/11/30,0.121024162
2015/12/1,-0.015629573
2015/12/2,-0.152936265
2015/12/3,-0.160370188
2015/12/4,0.102572805
2015/12/5,0.172507534
2015/12/6,-0.081748522
2015/12/7,-0.124409394
2015/12/8,0.032994729
2015/12/9,-0.058877721
2015/12/10,0.194639258
2015/12/11,-0.220993416
2015/12/12,0.108412171
2015/12/13,-0.03412375
2015/12/14,-0.039411678
2015/12/15,0.164622593
2015/12/16,0.061662624
2015/12/17,-0.174082723
2015/12/18,0.091535123
2015/12/19,-0.051188356
2015/12/20,0.164422116
2015/12/21,-0.120167371
2015/12/22,-0.051533199
2015/12/23,0.060406028
2015/12/24,0.078649794
2015/12/25,0.022060114
2015/12/26,0.005330712
2015/12/27,-0.101521681
2015/12/28,-0.166647782
2015/12/29,0.114447936
2015/12/30,0.002671897
2015/12/31,-0.000734894
2016/1/1,0.075290561
2016/1/2,-0.050378983
2016/1/3,-0.006859982
2016/1/4,-0.118579179
2016/1/5,-0.027702413
2016/1/6,-0.295319659
2016/1/7,0.03337527
2016/1/8,0.051755559
2016/1/9,0.132890464
2016/1/10,-0.063006209
2016/1/11,-0.100934842
2016/1/12,0.182855956
2016/1/13,-0.535561058
2016/1/14,0.488586348
2016/1/15,-0.462638012
2016/1/16,0.274397514
2016/1/17,0.004207491
2016/1/18,-0.020060859
2016/1/19,-0.364686294
2016/1/20,0.238176388
2016/1/21,0.328114177
2016/1/22,0.024740727
2016/1/23,0.082235423
2016/1/24,0.080606259
2016/1/25,-0.24258297
2016/1/26,0.143560306
2016/1/27,-0.02975369
2016/1/28,0.012806184
2016/1/29,0.166239311
2016/1/30,-0.120794358
2016/1/31,-0.007418148
2016/2/1,0.058025142
2016/2/2,-0.413739902
2016/2/3,0.157998165
2016/2/4,0.10667348
2016/2/5,-0.155179705
2016/2/6,0.146521224
2016/2/7,0.068665084
2016/2/8,-0.330457741
2016/2/9,-0.142816445
2016/2/10,0.132020144
2016/2/11,-0.031555985
2016/2/12,0.313674783
2016/2/13,0.273566305
2016/2/14,-0.226326119
2016/2/15,-0.15978739
2016/2/16,0.216786023
2016/2/17,0.104350185
2016/2/18,-0.221533244
2016/2/19,0.022119136
2016/2/20,0.122109184
2016/2/21,-0.095019433
2016/2/22,0.063689586
2016/2/23,-0.277805315
2016/2/24,0.241375677
2016/2/25,0.136736541
2016/2/26,0.04920823
2016/2/27,-0.012947004
2016/2/28,-0.075325284
2016/2/29,-0.091762759
2016/3/1,-0.019775707
2016/3/2,0.195635689
2016/3/3,-0.02844217
2016/3/4,0.065872194
2016/3/5,-0.064398165
2016/3/6,0.067096461
2016/3/7,0.065874711
2016/3/8,-0.164929299
2016/3/9,0.08406813
2016/3/10,-0.119012113
2016/3/11,0.161651373
2016/3/12,0.088626504
2016/3/13,-0.075241625
2016/3/14,-0.029779474
2016/3/15,-0.270566604
2016/3/16,0.216725978
2016/3/17,-0.009616056
2016/3/18,-0.009673456
2016/3/19,0.073436191
2016/3/20,0.019681983
2016/3/21,-0.152629709
2016/3/22,0.026771464
2016/3/23,-0.006508939
2016/3/24,0.005303152
2016/3/25,0.226147972
2016/3/26,-0.082429928
2016/3/27,0.045109347
2016/3/28,-0.231299676
2016/3/29,-0.018408615
2016/3/30,0.091251491
2016/3/31,0.027916709
2016/4/1,-0.174640129
2016/4/2,0.089881704
2016/4/3,0.107501708
2016/4/4,-0.121985836
2016/4/5,0.014764468
2016/4/6,0.105811099
2016/4/7,-0.181998714
2016/4/8,0.096161409
2016/4/9,0.058810932
2016/4/10,-0.099928863
2016/4/11,-0.014741776
2016/4/12,0.116916037
2016/4/13,0.049150428
2016/4/14,-0.056492624
2016/4/15,0.009937953
2016/4/16,0.126722242
2016/4/17,-0.284308634
2016/4/18,0.114987922
2016/4/19,0.02167189
2016/4/20,0.013447426
2016/4/21,-0.265401361
2016/4/22,0.300237059
2016/4/23,-0.056276805
2016/4/24,-0.009228252
2016/4/25,-0.136219286
2016/4/26,-0.130548768
2016/4/27,0.245649239
2016/4/28,-0.079303839
2016/4/29,-0.019381405
2016/4/30,0.091171319
2016/5/1,-0.193647276
2016/5/2,0.063002557
2016/5/3,0.120863301
2016/5/4,-0.126867009
2016/5/5,-0.141064971
2016/5/6,0.175479433
2016/5/7,-0.014827675
2016/5/8,0.079812712
2016/5/9,-0.116413459
2016/5/10,0.065338561
2016/5/11,0.017794071
2016/5/12,-0.091810935
2016/5/13,0.155733237
2016/5/14,0.131249896
2016/5/15,-0.1732084
2016/5/16,0.170755304
2016/5/17,0.043418258
2016/5/18,-0.243774191
2016/5/19,0.045385914
2016/5/20,0.118327552
2016/5/21,-0.039854257
2016/5/22,-0.083050023
2016/5/23,0.239891355
2016/5/24,-0.071586581
2016/5/25,-0.040162035
2016/5/26,0.038038322
2016/5/27,-0.032174017
2016/5/28,0.165551262
2016/5/29,-0.119345842
2016/5/30,-0.084399949
2016/5/31,0.067779011
2016/6/1,-0.024187122
2016/6/2,0.047385308
2016/6/3,-0.046019222
2016/6/4,0.01846223
2016/6/5,-0.001966694
2016/6/6,0.060772805
2016/6/7,0.03574217
2016/6/8,-0.015244251
2016/6/9,-0.063338571
2016/6/10,-0.118471735
2016/6/11,0.164871436
2016/6/12,-0.149636853
2016/6/13,-0.05024521
2016/6/14,0.054273671
2016/6/15,0.107680924
2016/6/16,-0.001522042
2016/6/17,0.031625582
2016/6/18,0.048369129
2016/6/19,-0.124712472
2016/6/20,0.064013963
2016/6/21,-0.133898719
2016/6/22,-0.010203683
2016/6/23,-0.049827895
2016/6/24,-0.026356324
2016/6/25,-0.016887514
2016/6/26,-0.214971434
2016/6/27,0.050441618
2016/6/28,0.351567565
2016/6/29,0.072582351
2016/6/30,-0.086922542
2016/7/1,0.075755974
2016/7/2,0.013850145
2016/7/3,-0.136813951
2016/7/4,0.093591875
2016/7/5,-0.163737458
2016/7/6,0.076126469
2016/7/7,0.065316962
2016/7/8,0.020080321
2016/7/9,0.044557971
2016/7/10,-0.098484117
2016/7/11,0.004550061
2016/7/12,0.065305223
2016/7/13,-0.087473512
2016/7/14,0.008353361
2016/7/15,-0.06072596
2016/7/16,-0.066998969
2016/7/17,0.062420456
2016/7/18,0.079040864
2016/7/19,-0.106304238
2016/7/20,0.095925488
2016/7/21,-0.133805252
2016/7/22,0.185036567
2016/7/23,-0.13541409
2016/7/24,0.068038671
2016/7/25,-0.011112753
2016/7/26,-0.010992806
2016/7/27,0.069808533
2016/7/28,-0.03134199
2016/7/29,0.045206965
2016/7/30,-0.034844776
2016/7/31,-0.014085464
2016/8/1,0.041596734
2016/8/2,-0.025419477
2016/8/3,0.051702166
2016/8/4,0.032619491
2016/8/5,0.011232174
2016/8/6,-0.083020665
2016/8/7,0.064383763
2016/8/8,0.020900638
2016/8/9,-0.010791468
2016/8/10,-0.149341478
2016/8/11,0.082439702
2016/8/12,0.010420253
2016/8/13,-0.068857163
2016/8/14,0.068352345
2016/8/15,0.061938729
2016/8/16,-0.064670906
2016/8/17,0.01633483
2016/8/18,-0.019608126
2016/8/19,0.037138426
2016/8/20,-0.046433915
2016/8/21,-0.038516739
2016/8/22,0.057506329
2016/8/23,0.017132192
2016/8/24,-0.09902492
2016/8/25,-0.029659794
2016/8/26,0.066650852
2016/8/27,-0.137370143
2016/8/28,-0.006446192
2016/8/29,0.172160685
2016/8/30,-0.062399823
2016/8/31,-0.018166767
2016/9/1,0.016157764
2016/9/2,0.086469431
2016/9/3,0.035505756
2016/9/4,-0.174138066
2016/9/5,0.148016798
2016/9/6,0.038609468
2016/9/7,-0.024167026
2016/9/8,-0.072582945
2016/9/9,-0.221153816
2016/9/10,0.027531704
2016/9/11,-0.191506208
2016/9/12,0.431464534
2016/9/13,-0.14698065
2016/9/14,0.081263729
2016/9/15,0.019408179
2016/9/16,-0.069177994
2016/9/17,0.068476502
2016/9/18,-0.167250569
2016/9/19,-0.00985756
2016/9/20,-0.032918583
2016/9/21,0.148077036
2016/9/22,0.163153447
2016/9/23,-0.072873426
2016/9/24,-0.005992698
2016/9/25,-0.136631942
2016/9/26,0.119336168
2016/9/27,0.033636453
2016/9/28,-0.014006536
2016/9/29,-0.163558699
2016/9/30,0.167917641
2016/10/1,-0.181403172
2016/10/2,0.119384054
2016/10/3,0.033253898
2016/10/4,-0.081149818
2016/10/5,0.058398959
2016/10/6,-0.128353744
2016/10/7,0.006719483
2016/10/8,0.148837756
2016/10/9,-0.08948175
2016/10/10,0.015388893
2016/10/11,-0.027555611
2016/10/12,-0.020355668
2016/10/13,0.076930719
2016/10/14,0.012443353
2016/10/15,-0.073315393
2016/10/16,0.02402518
2016/10/17,-0.090637831
2016/10/18,0.086488154
2016/10/19,0.036819739
2016/10/20,-0.003681572
2016/10/21,0.016433885
2016/10/22,0.039544275
2016/10/23,-0.011207616
2016/10/24,-0.035807544
2016/10/25,-0.132032937
2016/10/26,0.04917016
2016/10/27,-0.061825963
2016/10/28,0.040717915
2016/10/29,0.102408044
2016/10/30,-0.088171393
2016/10/31,0.001469301
2016/11/1,0.002099888
2016/11/2,-0.047692963
2016/11/3,-0.041667669
2016/11/4,0.063601833
2016/11/5,0.101255267
2016/11/6,-0.104481401
2016/11/7,0.047125163
2016/11/8,-0.167699241
2016/11/9,0.257373858
2016/11/10,-0.029771583
2016/11/11,-0.066729672
2016/11/12,-0.154232281
2016/11/13,0.043759331
2016/11/14,0.202157157
2016/11/15,0.104556077
2016/11/16,0.036822026
2016/11/17,-0.166213738
2016/11/18,-0.008692396
2016/11/19,0.034172109
2016/11/20,0.030498854
2016/11/21,-0.018230239
2016/11/22,-0.038712498
2016/11/23,0.02837138
2016/11/24,-0.105500255
2016/11/25,0.151964422
2016/11/26,0.079813409
2016/11/27,-0.08318144
2016/11/28,0.024604752
2016/11/29,-0.017982511
2016/11/30,0.001912991
2016/12/1,-0.109753236
2016/12/2,0.077925819
2016/12/3,0.020504341
2016/12/4,-0.132096972
2016/12/5,0.212069524
2016/12/6,0.026646781
2016/12/7,-0.035991658
2016/12/8,0.008094722
2016/12/9,-0.031835278
2016/12/10,-0.038434103
2016/12/11,-0.197681064
2016/12/12,0.095814559
2016/12/13,0.132568647
2016/12/14,-0.125111356
2016/12/15,0.089596246
2016/12/16,0.009684785
2016/12/17,-0.126747756
2016/12/18,0.221485051
2016/12/19,-0.086370337
2016/12/20,-0.071455523
2016/12/21,-0.039318892
2016/12/22,-0.033309662
2016/12/23,0.112237758
2016/12/24,-0.271705224
2016/12/25,0.331124841
2016/12/26,-0.052613116
2016/12/27,-0.017902665
2016/12/28,-0.173792982
2016/12/29,0.09926998
2016/12/30,-0.066732711
2016/12/31,0.092493766
2017/1/1,0.029339172
2017/1/2,-0.06512584
2017/1/3,0.116997798
2017/1/4,0.034323718
2017/1/5,-0.000642824
2017/1/6,-0.009767876
2017/1/7,0.104263
2017/1/8,-0.045339117
2017/1/9,0.008798856
2017/1/10,-0.017817169
2017/1/11,-0.040594749
2017/1/12,0.000641774
2017/1/13,0.021107585
2017/1/14,-0.002211185
2017/1/15,-0.023636002
2017/1/16,0.068425576
2017/1/17,-0.123891235
2017/1/18,-0.027569973
2017/1/19,-0.041812294
2017/1/20,0.059841758
2017/1/21,-0.017166011
2017/1/22,0.041313522
2017/1/23,-0.216524921
2017/1/24,0.201702392
2017/1/25,0.024421321
2017/1/26,-0.117880905
2017/1/27,0.018195289
2017/1/28,-0.09443141
2017/1/29,0.024207015
2017/1/30,0.091330603
2017/1/31,0.114533
2017/2/1,0.036882356
2017/2/2,-0.059172053
2017/2/3,0.031717433
2017/2/4,-0.060538953
2017/2/5,0.06285776
2017/2/6,0.068640722
2017/2/7,-0.14774585
2017/2/8,0.018713344
2017/2/9,0.058709771
2017/2/10,0.004031836
2017/2/11,-0.175785449
2017/2/12,0.097704227
2017/2/13,0.123309696
2017/2/14,-0.038803788
2017/2/15,-0.02438117
2017/2/16,-0.004889412
2017/2/17,-0.035581549
2017/2/18,0.037372719
2017/2/19,-0.166940654
2017/2/20,-0.000371722
2017/2/21,0.160600899
2017/2/22,-0.150828498
2017/2/23,-0.003530146
2017/2/24,0.063348926
2017/2/25,0.059335094
2017/2/26,-0.115397639
2017/2/27,0.04798693
2017/2/28,-0.046068262
2017/3/1,0.112889888
2017/3/2,-0.257461496
2017/3/3,0.097100497
2017/3/4,-0.030264178
2017/3/5,0.086296908
2017/3/6,-0.097483015
2017/3/7,0.014677938
2017/3/8,0.138900528
2017/3/9,0.062741001
2017/3/10,0.049028464
2017/3/11,-0.021879027
2017/3/12,-0.014984569
2017/3/13,-0.006314716
2017/3/14,-0.078130629
2017/3/15,0.09717893
2017/3/16,-0.015898414
2017/3/17,-0.028689182
2017/3/18,0.025120052
2017/3/19,0.074687996
2017/3/20,-0.124856067
2017/3/21,-0.164812597
2017/3/22,0.104333853
2017/3/23,0.051246435
2017/3/24,0.041540474
2017/3/25,-0.037593249
2017/3/26,-0.084514536
2017/3/27,0.203481581
2017/3/28,-0.079655658
2017/3/29,0.060311039
2017/3/30,-0.003096748
2017/3/31,0.015397232
2017/4/1,-0.030880699
2017/4/2,0.092494582
2017/4/3,-0.179642381
2017/4/4,0.022864512
2017/4/5,-0.071271462
2017/4/6,0.00117212
2017/4/7,-0.076709758
2017/4/8,-0.140919061
2017/4/9,0.234170599
2017/4/10,0.000338542
2017/4/11,-0.123305893
2017/4/12,0.101586286
2017/4/13,-0.063786986
2017/4/14,-0.069006527
2017/4/15,-0.032764811
2017/4/16,-0.007392216
2017/4/17,0.146778705
2017/4/18,-0.05141735
2017/4/19,0.127826743
2017/4/20,0.053404797
2017/4/21,-0.08716199
2017/4/22,-0.071599804
2017/4/23,0.072349018
2017/4/24,0.004514209
2017/4/25,0.087777992
2017/4/26,-0.044161281
2017/4/27,0.010512652
2017/4/28,0.000892411
2017/4/29,0.032821287
2017/4/30,-0.040501573
2017/5/1,-0.011772149
2017/5/2,-0.249946257
2017/5/3,0.115674261
2017/5/4,0.098589397
2017/5/5,0.095678886
2017/5/6,-0.111956088
2017/5/7,0.053826083
2017/5/8,-0.006135356
2017/5/9,0.032396782
2017/5/10,-0.120754279
2017/5/11,0.037308688
2017/5/12,0.100871505
2017/5/13,-0.093051976
2017/5/14,0.076514822
2017/5/15,0.051988048
2017/5/16,0.005262167
2017/5/17,-0.175872279
2017/5/18,0.111125187
2017/5/19,0.009468238
2017/5/20,-0.055086726
2017/5/21,0.032196819
2017/5/22,0.033207543
2017/5/23,-0.044373732
2017/5/24,-0.01862003
2017/5/25,0.018024218
2017/5/26,0.061688586
2017/5/27,-0.109064223
2017/5/28,0.145679576
2017/5/29,-0.036705046
2017/5/30,0.009238701
2017/5/31,-0.011270007
2017/6/1,0.034540779
2017/6/2,0.016746757
2017/6/3,0.013411011
2017/6/4,-0.042597718
2017/6/5,-0.014087574
2017/6/6,0.02006204
2017/6/7,-0.026514103
2017/6/8,0.059861456
2017/6/9,-0.05503118
2017/6/10,0.02256047
2017/6/11,-0.000692749
2017/6/12,-0.055349969
2017/6/13,0.034698156
2017/6/14,-0.127108419
2017/6/15,-0.014332604
2017/6/16,0.086958169
2017/6/17,-0.040822877
2017/6/18,0.07210948
2017/6/19,0.081609842
2017/6/20,0.04065796
2017/6/21,0.040212958
2017/6/22,-0.007717773
2017/6/23,-0.070253684
2017/6/24,-0.026374648
2017/6/25,0.056579775
2017/6/26,0.046185604
2017/6/27,-0.105386332
2017/6/28,0.041282275
2017/6/29,-0.095766439
2017/6/30,0.032625771
2017/7/1,-0.070406189
2017/7/2,0.093966114
2017/7/3,-0.09109899
2017/7/4,-0.046048104
2017/7/5,0.023059688
2017/7/6,-0.07518494
2017/7/7,0.100167579
2017/7/8,-0.02533244
2017/7/9,0.030951125
2017/7/10,0.000168955
2017/7/11,0.006915401
2017/7/12,0.047460435
2017/7/13,-0.062787473
2017/7/14,0.05692259
2017/7/15,0.040836638
2017/7/16,-0.064498612
2017/7/17,-0.073255069
2017/7/18,0.027441904
2017/7/19,0.045353144
2017/7/20,0.007814134
2017/7/21,-0.103333424
2017/7/22,0.100997327
2017/7/23,-0.028310138
2017/7/24,-0.03508063
2017/7/25,0.095722626
2017/7/26,-0.094437343
2017/7/27,-0.088219618
2017/7/28,0.133658161
2017/7/29,-0.026906255
2017/7/30,0.078718094
2017/7/31,-0.085998626
2017/8/1,-0.021623469
2017/8/2,-0.101701868
2017/8/3,0.100234743
2017/8/4,0.027186952
2017/8/5,0.082507245
2017/8/6,-0.04546524
2017/8/7,-0.02701599
2017/8/8,-0.020555503
2017/8/9,-0.052364009
2017/8/10,-0.192454064
2017/8/11,0.103086491
2017/8/12,0.189484014
2017/8/13,-0.079675611
2017/8/14,0.083342137
2017/8/15,-0.064433407
2017/8/16,0.055916583
2017/8/17,-0.037949887
2017/8/18,0.00896269
2017/8/19,0.033485079
2017/8/20,-0.106617474
2017/8/21,0.051030743
2017/8/22,0.035550243
2017/8/23,0.003478135
2017/8/24,0.021885456
2017/8/25,-0.03113607
2017/8/26,0.003715726
2017/8/27,0.004321634
2017/8/28,0.025234022
2017/8/29,-0.019712067
2017/8/30,0.002098231
2017/8/31,0.094284797
2017/9/1,-0.027366083
2017/9/2,-0.02628385
2017/9/3,-0.040944795
2017/9/4,-0.111528795
2017/9/5,0.058259492
2017/9/6,0.079692854
2017/9/7,0.040490006
2017/9/8,-0.121232265
2017/9/9,0.024834588
2017/9/10,0.03623275
2017/9/11,0.017307556
2017/9/12,-0.011193081
2017/9/13,-0.039705342
2017/9/14,-0.070177543
2017/9/15,0.076004614
2017/9/16,-0.146867115
2017/9/17,0.128550259
2017/9/18,0.075445273
2017/9/19,-0.009232747
2017/9/20,0.005831912
2017/9/21,-0.169689975
2017/9/22,0.078771669
2017/9/23,-0.006694783
2017/9/24,0.015474946
2017/9/25,0.048682365
2017/9/26,-0.047913444
2017/9/27,0.088404978
2017/9/28,0.009782394
2017/9/29,0.064713792
2017/9/30,-0.062163136
2017/10/1,-0.006075175
2017/10/2,0.05082988
2017/10/3,0.060760342
2017/10/4,-0.037854441
2017/10/5,0.014864779
2017/10/6,0.000330204
2017/10/7,-0.042067809
2017/10/8,-0.013417915
2017/10/9,0.026790388
2017/10/10,-0.00481917
2017/10/11,-0.004608936
2017/10/12,-0.091401864
2017/10/13,0.05780093
2017/10/14,0.017752963
2017/10/15,-0.008153647
2017/10/16,0.013949199
2017/10/17,0.023511833
2017/10/18,-0.04942495
2017/10/19,-0.024578839
2017/10/20,0.10546981
2017/10/21,-0.008162492
2017/10/22,0.01051141
2017/10/23,-0.108748577
2017/10/24,-0.061915533
2017/10/25,-0.014501165
2017/10/26,0.029230025
2017/10/27,0.044008969
2017/10/28,0.011325205
2017/10/29,-0.041122521
2017/10/30,0.016752898
2017/10/31,0.029236992
2017/11/1,-0.117153012
2017/11/2,0.042881196
2017/11/3,0.103274891
2017/11/4,0.035385609
2017/11/5,-0.066606426
2017/11/6,0.113899646
2017/11/7,-0.102283709
2017/11/8,-0.032914437
2017/11/9,0.045737565
2017/11/10,0.016447645
2017/11/11,-0.159120069
2017/11/12,-0.143024345
2017/11/13,0.301717292
2017/11/14,-0.13954132
2017/11/15,0.070534661
2017/11/16,0.092441857
2017/11/17,-0.019493031
2017/11/18,-0.032851489
2017/11/19,0.020015532
2017/11/20,0.035097548
2017/11/21,-0.016130323
2017/11/22,0.021884244
2017/11/23,0.005611265
2017/11/24,0.03769074
2017/11/25,0.043579595
2017/11/26,0.007334133
2017/11/27,-0.060297246
2017/11/28,-0.046615811
2017/11/29,-0.095793248
2017/11/30,0.01985802
2017/12/1,-0.016965606
2017/12/2,0.076852179
2017/12/3,0.019089651
2017/12/4,-0.107411233
2017/12/5,0.043777652
2017/12/6,0.010120683
2017/12/7,0.06267755
2017/12/8,0.002477259
2017/12/9,-0.150367813
2017/12/10,0.089403595
2017/12/11,0.098730831
2017/12/12,-0.042349191
2017/12/13,-0.006302509
2017/12/14,-0.042327508
2017/12/15,0.061273849
2017/12/16,0.088230124
2017/12/17,-0.135933703
2017/12/18,0.049846493
2017/12/19,-0.087184066
2017/12/20,0.072383923
2017/12/21,-0.105978488
2017/12/22,-0.060978278
2017/12/23,0.162718093
2017/12/24,-0.242533268
2017/12/25,0.256843811
2017/12/26,0.013360863
2017/12/27,-0.043054311
2017/12/28,0.02221693
2017/12/29,-0.088997046
2017/12/30,-0.014098788
2017/12/31,0.178396577
2018/1/1,-0.04050317
2018/1/2,0.043870001
2018/1/3,-0.034335672
2018/1/4,-0.011215646
2018/1/5,0.024728405
2018/1/6,0.070147882
2018/1/7,-0.013631996
2018/1/8,-0.060702157
2018/1/9,-0.050783836
2018/1/10,-0.005988755
2018/1/11,0.013358501
2018/1/12,0.029679048
2018/1/13,0.018618817
2018/1/14,-0.160616503
2018/1/15,0.009943362
2018/1/16,-0.097053856
2018/1/17,0.048342203
2018/1/18,0.095701374
2018/1/19,-0.008214179
2018/1/20,-0.002598571
2018/1/21,-0.304270767
2018/1/22,0.303890289
2018/1/23,0.013788652
2018/1/24,-0.00753381
2018/1/25,-0.009520058
2018/1/26,0.038904338
2018/1/27,-0.027351933
2018/1/28,0.009980811
2018/1/29,-0.053859493
2018/1/30,-0.050185331
2018/1/31,0.076086486
2018/2/1,-0.160261305
2018/2/2,-0.049123429
2018/2/3,0.051249957
2018/2/4,-0.462855643
2018/2/5,0.180792664
2018/2/6,0.282029551
2018/2/7,-0.036631843
2018/2/8,-0.092065848
2018/2/9,0.116804389
2018/2/10,-0.100099452
2018/2/11,0.071996273
2018/2/12,0.091094476
2018/2/13,-0.031790956
2018/2/14,0.165466887
2018/2/15,-0.021352376
2018/2/16,-0.096206541
2018/2/17,0.135605947
2018/2/18,-0.217583696
2018/2/19,0.076591466
2018/2/20,-0.076310171
2018/2/21,-0.041457194
2018/2/22,0.01765585
2018/2/23,0.191450352
2018/2/24,-0.116979968
2018/2/25,0.076825948
2018/2/26,0.03932275
2018/2/27,-0.056462571
2018/2/28,0.011750331
2018/3/1,-0.029780593
2018/3/2,0.091062803
2018/3/3,-0.031359242
2018/3/4,0.052474898
2018/3/5,0.011506069
2018/3/6,-0.07945153
2018/3/7,0.03103597
2018/3/8,-0.01896125
2018/3/9,0.055177664
2018/3/10,-0.184196032
2018/3/11,0.132915248
2018/3/12,0.061243901
2018/3/13,-0.117387697
2018/3/14,-0.086745926
2018/3/15,0.100255207
2018/3/16,0.09227282
2018/3/17,-0.31428265
2018/3/18,-0.076590375
2018/3/19,0.253289347
2018/3/20,0.000338787
2018/3/21,0.040157464
2018/3/22,-0.106643609
2018/3/23,-0.064694337
2018/3/24,-0.051831835
2018/3/25,0.151946421
2018/3/26,-0.026447568
2018/3/27,-0.093093127
2018/3/28,0.010136675
2018/3/29,0.028860624
2018/3/30,-0.116842835
2018/3/31,-0.048803103
2018/4/1,0.039071566
2018/4/2,0.00920139
2018/4/3,0.153431187
2018/4/4,0.035020499
2018/4/5,0.058953137
2018/4/6,-0.124340532
2018/4/7,-0.020437572
2018/4/8,0.003610056
2018/4/9,0.112498168
2018/4/10,0.030727307
2018/4/11,0.001548649
2018/4/12,0.05151123
2018/4/13,-0.078137585
2018/4/14,0.060133206
2018/4/15,-0.114942546
2018/4/16,0.064806877
2018/4/17,0.043195804
2018/4/18,0.002720289
2018/4/19,-0.100153168
2018/4/20,-0.021292351
2018/4/21,0.090734934
2018/4/22,0.065436439
2018/4/23,-0.155063658
2018/4/24,0.045773372
2018/4/25,0.001817908
2018/4/26,0.095278039
2018/4/27,-0.063913455
2018/4/28,0.080476573
2018/4/29,-0.072135083
2018/4/30,-0.027397884
2018/5/1,-0.058638544
2018/5/2,-0.026694314
2018/5/3,0.02004676
2018/5/4,0.209112864
2018/5/5,0.012103915
2018/5/6,-0.160226923
2018/5/7,0.121669603
2018/5/8,-0.095200079
2018/5/9,0.039753254
2018/5/10,-0.033255769
2018/5/11,-0.024982029
2018/5/12,0.001943446
2018/5/13,0.053287753
2018/5/14,0.002291499
2018/5/15,-0.082844297
2018/5/16,0.102217248
2018/5/17,-0.060264522
2018/5/18,0.072096841
2018/5/19,0.046070303
2018/5/20,-0.013304056
2018/5/21,-0.021798753
2018/5/22,-0.104369226
2018/5/23,0.024844115
2018/5/24,0.030089742
2018/5/25,-0.043058965
2018/5/26,0.028749674
2018/5/27,-0.121004633
2018/5/28,0.012171683
2018/5/29,0.075639142
2018/5/30,0.090743113
2018/5/31,-0.043153143
2018/6/1,0.062470905
2018/6/2,0.087227716
2018/6/3,-0.043570283
2018/6/4,-0.065400533
2018/6/5,0.01097507
2018/6/6,0.014442204
2018/6/7,-0.095547234
2018/6/8,0.109599849
2018/6/9,-0.098275459
2018/6/10,-0.280580058
2018/6/11,0.338089003
2018/6/12,-0.021335875
2018/6/13,-0.093210808
2018/6/14,0.069113922
2018/6/15,-0.049490688
2018/6/16,-0.00080904
2018/6/17,-0.097246188
2018/6/18,0.188006429
2018/6/19,-0.092010617
2018/6/20,0.107425991
2018/6/21,-0.119500193
2018/6/22,0.015141503
2018/6/23,0.039096372
2018/6/24,-0.228792461
2018/6/25,0.091738259
2018/6/26,0.14803427
2018/6/27,-0.096998254
2018/6/28,0.07829483
2018/6/29,0.001860383
2018/6/30,-0.048145651
2018/7/1,-0.020603313
2018/7/2,0.062798322
2018/7/3,-0.160371251
2018/7/4,0.052029596
2018/7/5,0.028629554
2018/7/6,0.084467914
2018/7/7,-0.00105305
2018/7/8,0.023671956
2018/7/9,0.038398413
2018/7/10,-0.18440502
2018/7/11,0.07373996
2018/7/12,0.112288088
2018/7/13,-0.012536919
2018/7/14,-0.010977559
2018/7/15,-0.026219832
2018/7/16,-0.229487799
2018/7/17,0.252980366
2018/7/18,-0.041762856
2018/7/19,-0.014935871
2018/7/20,-0.033492061
2018/7/21,0.130314698
2018/7/22,-0.105960823
2018/7/23,-0.042219448
2018/7/24,-0.042493262
2018/7/25,-0.143650573
2018/7/26,0.02815347
2018/7/27,-0.184328769
2018/7/28,0.165461418
2018/7/29,-0.171951096
2018/7/30,0.015134319
2018/7/31,0.261579823
2018/8/1,-0.03679228
2018/8/2,0.05689233
2018/8/3,0.01564063
2018/8/4,-0.048004307
2018/8/5,0.127323808
2018/8/6,0.044399432
2018/8/7,-0.11755713
2018/8/8,-0.056159752
2018/8/9,0.038911816
2018/8/10,-0.081418875
2018/8/11,-0.008715861
2018/8/12,-0.016387561
2018/8/13,-0.029968473
2018/8/14,0.153909531
2018/8/15,-0.144477781
2018/8/16,0.066113447
2018/8/17,-0.005277467
2018/8/18,0.025399883
2018/8/19,-0.055165569
2018/8/20,0.148076073
2018/8/21,0.046379379
2018/8/22,0.077739471
2018/8/23,-0.113735135
2018/8/24,0.154707073
2018/8/25,-0.349425606
2018/8/26,0.223046641
2018/8/27,0.106269864
2018/8/28,-0.098576765
2018/8/29,0.043681568
2018/8/30,-0.131513261
2018/8/31,0.075917343
2018/9/1,-1.48E-05
2018/9/2,-0.123223671
2018/9/3,0.085550231
2018/9/4,-0.079565841
2018/9/5,-0.052724983
2018/9/6,-0.020482545
2018/9/7,-0.012002293
2018/9/8,-0.216777934
2018/9/9,0.231336831
2018/9/10,0.198792382
2018/9/11,0.036339642
2018/9/12,-0.019309597
2018/9/13,0.010307589
2018/9/14,-0.020219165
2018/9/15,-0.01035635
2018/9/16,-0.108012266
2018/9/17,-0.030767577
2018/9/18,0.129802897
2018/9/19,-0.084847815
2018/9/20,0.124868925
2018/9/21,-0.02330695
2018/9/22,-0.036509234
2018/9/23,-0.003452564
2018/9/24,0.068408742
2018/9/25,0.002352116
2018/9/26,-0.01257627
2018/9/27,-0.026383278
2018/9/28,-0.034802883
2018/9/29,-0.060296884
2018/9/30,0.034029102
2018/10/1,0.151138039
2018/10/2,-0.094860547
2018/10/3,0.116334668
2018/10/4,-0.160977983
2018/10/5,0.01634713
2018/10/6,0.009255492
2018/10/7,-0.016264121
2018/10/8,-0.002161946
2018/10/9,0.047243235
2018/10/10,-0.236786406
2018/10/11,0.190772839
2018/10/12,0.054144942
2018/10/13,0.085663392
2018/10/14,-0.175677839
2018/10/15,0.154720229
2018/10/16,0.057864263
2018/10/17,-0.125019458
2018/10/18,-0.028181589
2018/10/19,-0.049004382
2018/10/20,0.059761918
2018/10/21,-0.067760222
2018/10/22,0.020788436
2018/10/23,0.089074964
2018/10/24,-0.114881499
2018/10/25,-0.016031154
2018/10/26,-0.062453687
2018/10/27,0.158677629
2018/10/28,-0.033413578
2018/10/29,-0.162601844
2018/10/30,0.040236857
2018/10/31,0.217689129
2018/11/1,-0.009598209
2018/11/2,-0.054123916
2018/11/3,-0.059089669
2018/11/4,-0.024466716
2018/11/5,0.133900359
2018/11/6,0.057390514
2018/11/7,-0.026895111
2018/11/8,-0.131753381
2018/11/9,-0.08028351
2018/11/10,-0.027542996
2018/11/11,0.13452213
2018/11/12,-0.198254386
2018/11/13,0.120784632
2018/11/14,-0.039994992
2018/11/15,-0.05280536
2018/11/16,0.067420046
2018/11/17,0.02136799
2018/11/18,-0.272730701
2018/11/19,-0.115530747
2018/11/20,0.031258643
2018/11/21,0.325373808
2018/11/22,-0.089639959
2018/11/23,-0.042506589
2018/11/24,-0.82008813
2018/11/25,0.640938026
2018/11/26,0.240382463
2018/11/27,0.085409091
2018/11/28,0.136274752
2018/11/29,-0.066251323
2018/11/30,0.020411237
2018/12/1,-0.129433956
2018/12/2,0.059684587
2018/12/3,0.059253795
2018/12/4,-0.41631757
2018/12/5,-0.228930202
2018/12/6,0.468778049
2018/12/7,-0.056916563
2018/12/8,-0.096772347
2018/12/9,-0.04647701
2018/12/10,0.100319483
2018/12/11,0.112606941
2018/12/12,0.114440015
2018/12/13,-0.283586209
2018/12/14,-0.035628254
2018/12/15,-0.10024248
2018/12/16,0.167866675
2018/12/17,-0.166896028
2018/12/18,0.018341587
2018/12/19,-0.17148958
2018/12/20,0.191987119
2018/12/21,-0.312942523
2018/12/22,0.489539054
2018/12/23,0.029149837
2018/12/24,-0.69975971
2018/12/25,0.218765385
2018/12/26,0.426148861
2018/12/27,0.053638131
2018/12/28,0.186150699
2018/12/29,-0.153965567
2018/12/30,0.073621094
2018/12/31,-0.007895999
2019/1/1,-0.047058591
2019/1/2,-0.077214081
2019/1/3,-0.03400976
2019/1/4,0.414588679
2019/1/5,-0.100879831
2019/1/6,0.032743644
2019/1/7,0.052546167
2019/1/8,-0.102779211
2019/1/9,-0.007395354
2019/1/10,-0.051936627
2019/1/11,0.024420462
2019/1/12,-0.035704097
2019/1/13,-0.342326321
2019/1/14,0.373769837
2019/1/15,-0.097285594
2019/1/16,0.082788821
2019/1/17,0.000841611
2019/1/18,-0.00763089
2019/1/19,-0.095000264
2019/1/20,-0.374906235
2019/1/21,0.143743751
2019/1/22,0.110896433
2019/1/23,0.088757728
2019/1/24,0.064668116
2019/1/25,0.181123816
2019/1/26,-0.041966246
2019/1/27,-0.26250913
2019/1/28,0.088187477
2019/1/29,0.003945816
2019/1/30,0.244145682
2019/1/31,-0.036082484
2019/2/1,0.004809537
2019/2/2,-0.022258789
2019/2/3,-0.023928596
2019/2/4,0.035473721
2019/2/5,-0.024290845
2019/2/6,-0.046784689
2019/2/7,-0.178726791
2019/2/8,0.054812568
2019/2/9,0.128167769
2019/2/10,-0.07162735
2019/2/11,0.086318901
2019/2/12,0.048713512
2019/2/13,0.010589698
2019/2/14,-0.06377778
2019/2/15,0.080915515
2019/2/16,-0.054363831
2019/2/17,-0.050400095
2019/2/18,0.145582025
2019/2/19,-1.68E-05
2019/2/20,-0.035342664
2019/2/21,-0.0981067
2019/2/22,0.107189422
2019/2/23,0.115583271
2019/2/24,-0.198908098
2019/2/25,0.045316464
2019/2/26,-0.01072968
2019/2/27,-0.006607529
2019/2/28,-0.022354571
2019/3/1,0.072696733
2019/3/2,0.035189988
2019/3/3,-0.022870895
2019/3/4,-0.104836446
2019/3/5,0.023613332
2019/3/6,-0.081669082
2019/3/7,0.121855825
2019/3/8,0.007379597
2019/3/9,0.076355761
2019/3/10,-0.180908596
2019/3/11,0.177053897
2019/3/12,-0.054237941
2019/3/13,-0.046537066
2019/3/14,-0.02030711
2019/3/15,0.047618566
2019/3/16,0.050002668
2019/3/17,-0.025106605
2019/3/18,-0.00210279
2019/3/19,0.00224427
2019/3/20,-0.06530483
2019/3/21,0.09739337
2019/3/22,-0.285703742
2019/3/23,0.151071005
2019/3/24,-0.237572666
2019/3/25,0.18302162
2019/3/26,0.043487091
2019/3/27,0.034598857
2019/3/28,0.096125465
2019/3/29,-0.079162001
2019/3/30,0.091999868
2019/3/31,0.047633691
2019/4/1,-0.08045577
2019/4/2,0.017278622
2019/4/3,-0.032348614
2019/4/4,-0.007243496
2019/4/5,0.105628322
2019/4/6,0.008778233
2019/4/7,-0.063621034
2019/4/8,0.019926662
2019/4/9,-0.087804588
2019/4/10,0.00520183
2019/4/11,-0.006297662
2019/4/12,0.053903225
2019/4/13,0.070940041
2019/4/14,-0.013471427
2019/4/15,-0.122977528
2019/4/16,0.020792138
2019/4/17,0.036161685
2019/4/18,-0.003026401
2019/4/19,0.050450856
2019/4/20,-0.01565917
2019/4/21,-0.073383633
2019/4/22,0.072273219
2019/4/23,0.013391964
2019/4/24,-0.039643517
2019/4/25,-0.069452931
2019/4/26,0.044601824
2019/4/27,0.069264658
2019/4/28,-0.008928044
2019/4/29,0.008664486
2019/4/30,-0.016062475
2019/5/1,-0.069137929
2019/5/2,0.020702014
2019/5/3,0.12388963
2019/5/4,-0.108863048
2019/5/5,-0.673885759
2019/5/6,0.691421198
2019/5/7,-0.156041842
2019/5/8,0.019151177
2019/5/9,-0.07003749
2019/5/10,-0.041002407
2019/5/11,0.340475288
2019/5/12,-0.321941052
2019/5/13,-0.140564741
2019/5/14,0.299620742
2019/5/15,0.036017972
2019/5/16,-0.099886828
2019/5/17,-0.2044676
2019/5/18,0.191162668
2019/5/19,0.069977797
2019/5/20,-0.158363434
2019/5/21,0.158655888
2019/5/22,-0.21014809
2019/5/23,-0.042167628
2019/5/24,0.119639259
2019/5/25,-0.02854796
2019/5/26,0.157031246
2019/5/27,0.003282954
2019/5/28,-0.23181631
2019/5/29,0.017980544
2019/5/30,0.005507037
2019/5/31,-0.0763674
2019/6/1,-0.081099427
2019/6/2,0.082860076
2019/6/3,-0.012143391
2019/6/4,0.308539571
2019/6/5,-0.133896122
2019/6/6,0.003793301
2019/6/7,0.099264139
2019/6/8,-0.037647491
2019/6/9,-0.114775862
2019/6/10,0.221430369
2019/6/11,-0.220869334
2019/6/12,0.05590779
2019/6/13,0.099572815
2019/6/14,-0.013678934
2019/6/15,0.149196847
2019/6/16,-0.055000475
2019/6/17,-0.034393414
2019/6/18,-0.115196703
2019/6/19,0.084537827
2019/6/20,-0.018007435
2019/6/21,0.024571701
2019/6/22,0.012767166
2019/6/23,0.042831534
2019/6/24,-0.116469107
2019/6/25,-0.17749749
2019/6/26,0.148293851
2019/6/27,0.043495169
2019/6/28,0.157626841
2019/6/29,-0.027014702
2019/6/30,-0.041637568
2019/7/1,-0.013568557
2019/7/2,0.068558677
2019/7/3,0.05144533
2019/7/4,-0.139183551
2019/7/5,0.084143606
2019/7/6,0.011541256
2019/7/7,-0.076051624
2019/7/8,0.044186464
2019/7/9,0.046949781
2019/7/10,-0.016696184
2019/7/11,-0.064395038
2019/7/12,0.048624221
2019/7/13,-0.083867013
2019/7/14,-0.198995245
2019/7/15,0.29834155
2019/7/16,-0.094754653
2019/7/17,-0.130106262
2019/7/18,0.139750711
2019/7/19,-0.082449111
2019/7/20,0.192716217
2019/7/21,-0.155745499
2019/7/22,0.110813431
2019/7/23,-0.120323864
2019/7/24,0.0109222
2019/7/25,0.002612374
2019/7/26,0.067429568
2019/7/27,-0.245272538
2019/7/28,0.112438188
2019/7/29,-0.25983239
2019/7/30,0.266353066
2019/7/31,-0.031455769
2019/8/1,-0.11471023
2019/8/2,0.124586127
2019/8/3,0.159700755
2019/8/4,-0.298351555
2019/8/5,-0.075316778
2019/8/6,0.205617804
2019/8/7,0.06819783
2019/8/8,0.003752407
2019/8/9,0.013359768
2019/8/10,-0.075941234
2019/8/11,0.08727486
2019/8/12,0.040830442
2019/8/13,0.025041875
2019/8/14,-0.265797176
2019/8/15,0.035064924
2019/8/16,0.174511285
2019/8/17,-0.018747051
2019/8/18,-0.068709699
2019/8/19,0.107777366
2019/8/20,-0.133787166
2019/8/21,0.076461918
2019/8/22,-0.152413309
2019/8/23,-0.442096256
2019/8/24,0.154030088
2019/8/25,-0.350552005
2019/8/26,0.700415138
2019/8/27,-0.168591298
2019/8/28,0.124502041
2019/8/29,0.096784678
2019/8/30,-0.058624079
2019/8/31,-0.015631552
2019/9/1,-0.20427849
2019/9/2,0.10125392
2019/9/3,-0.227910587
2019/9/4,0.250494102
2019/9/5,0.153776992
2019/9/6,0.041479348
2019/9/7,-0.037139786
2019/9/8,0.005164829
2019/9/9,-0.013362812
2019/9/10,0.023289714
2019/9/11,0.078103895
2019/9/12,-0.081514365
2019/9/13,0.021164094
2019/9/14,-0.16692763
2019/9/15,0.18210962
2019/9/16,0.056249023
2019/9/17,-0.061185191
2019/9/18,-0.089782823
2019/9/19,0.055560923
2019/9/20,-0.305970036
2019/9/21,-0.065722241
2019/9/22,0.3092084
2019/9/23,-0.161232137
2019/9/24,-0.31570483
2019/9/25,0.39042715
2019/9/26,-0.0762744
2019/9/27,-0.127932619
2019/9/28,-0.024665192
2019/9/29,0.014704932
2019/9/30,0.199382781
2019/10/1,-0.190323651
2019/10/2,0.004085227
2019/10/3,0.270104857
2019/10/4,0.053333551
2019/10/5,-0.085871209
2019/10/6,-0.283138231
2019/10/7,0.288703965
2019/10/8,-0.313611004
2019/10/9,0.113316121
2019/10/10,0.164916563
2019/10/11,0.03758961
2019/10/12,-0.014299784
2019/10/13,-0.063736484
2019/10/14,0.10679871
2019/10/15,0.14882631
2019/10/16,-0.013882669
2019/10/17,-0.049325755
2019/10/18,-0.098648092
2019/10/19,-0.028489652
2019/10/20,0.019537752
2019/10/21,0.096534672
2019/10/22,-0.164497324
2019/10/23,0.129348248
2019/10/24,-0.043703158
2019/10/25,0.186851112
2019/10/26,-0.018894672
2019/10/27,0.03228274
2019/10/28,-0.138976113
2019/10/29,-0.15809723
2019/10/30,0.187558651
2019/10/31,-0.032649162
2019/11/1,0.148404734
2019/11/2,0.007857712
2019/11/3,-0.149028161
2019/11/4,0.066598497
2019/11/5,-0.024129133
2019/11/6,-0.001964934
2019/11/7,0.029781752
2019/11/8,0.047546073
2019/11/9,-0.022590684
2019/11/10,-0.019364851
2019/11/11,0.007487654
2019/11/12,0.003347685
2019/11/13,-0.009587314
2019/11/14,-0.023309043
2019/11/15,0.068693091
2019/11/16,-0.032029988
2019/11/17,-0.219032594
2019/11/18,0.150121463
2019/11/19,0.011180258
2019/11/20,-0.090932225
2019/11/21,0.012980945
2019/11/22,0.014701061
2019/11/23,0.068459852
2019/11/24,-0.135186233
2019/11/25,0.135651591
2019/11/26,-0.005640259
2019/11/27,0.108705776
2019/11/28,-0.198168529
2019/11/29,0.219297788
2019/11/30,-0.169406167
2019/12/1,0.122308692
2019/12/2,-0.071826415
2019/12/3,0.006088286
2019/12/4,0.101459918
2019/12/5,-0.044805219
2019/12/6,0.10561261
2019/12/7,-0.036272476
2019/12/8,0.055773273
2019/12/9,-0.099629527
2019/12/10,-0.054952502
2019/12/11,0.007874086
2019/12/12,0.067244706
2019/12/13,-0.010784703
2019/12/14,-0.058127989
2019/12/15,0.083744859
2019/12/16,-0.065822195
2019/12/17,-0.054148716
2019/12/18,0.038131103
2019/12/19,0.081078901
2019/12/20,0.008021957
2019/12/21,-0.06073661
2019/12/22,0.048625475
2019/12/23,-0.016768396
2019/12/24,-0.017603293
2019/12/25,-0.062637862
2019/12/26,0.135792888
2019/12/27,-0.046993121
2019/12/28,-0.026566717
2019/12/29,-0.022626725
2019/12/30,0.092280557
2019/12/31,0.052507053
2020/1/1,-0.039841896
2020/1/2,0.053746407
2020/1/3,-0.035432152
2020/1/4,-0.054992749
2020/1/5,-0.072811794
2020/1/6,0.152242734
2020/1/7,-0.109679971
2020/1/8,0.056432087
2020/1/9,0.007003463
2020/1/10,-0.053583609
2020/1/11,-0.058318152
2020/1/12,0.105823302
2020/1/13,0.052995405
2020/1/14,-0.042054922
2020/1/15,0.000954962
2020/1/16,0.017430507
2020/1/17,-0.022079288
2020/1/18,-0.337562566
2020/1/19,0.349357909
2020/1/20,-0.092688188
2020/1/21,0.073516767
2020/1/22,-0.056651963
2020/1/23,0.052346311
2020/1/24,-0.169810645
2020/1/25,-0.280854443
2020/1/26,-0.183634517
2020/1/27,0.533381515
2020/1/28,0.046409947
2020/1/29,-0.04586462
2020/1/30,0.032893245
2020/1/31,-0.154631865
2020/2/1,-0.064639242
2020/2/2,-0.064332649
2020/2/3,0.304922596
2020/2/4,0.003636129
2020/2/5,-0.177644556
2020/2/6,0.103180357
2020/2/7,-0.037959576
2020/2/8,-0.031080564
2020/2/9,0.009591176
2020/2/10,0.174745155
2020/2/11,-0.019130652
2020/2/12,-0.009383707
2020/2/13,-0.033935165
2020/2/14,0.052234733
2020/2/15,-0.00921732
2020/2/16,-0.05119839
2020/2/17,-0.117641871
2020/2/18,0.183275575
2020/2/19,0.055298125
2020/2/20,-0.110320231
2020/2/21,-0.026714548
2020/2/22,-0.069484285
2020/2/23,-0.209279041
2020/2/24,0.158243218
2020/2/25,-0.138346445
2020/2/26,0.004782092
2020/2/27,0.027606699
2020/2/28,0.16918882
2020/2/29,-0.154449182
2020/3/1,-0.029724598
2020/3/2,0.286186818
2020/3/3,-0.117337805
2020/3/4,0.09507
2020/3/5,-0.113872883
2020/3/6,-0.045347452
2020/3/7,-0.151702496
2020/3/8,-0.879583144
2020/3/9,0.946077013
2020/3/10,0.04393629
2020/3/11,-0.191147904
2020/3/12,-0.122263398
2020/3/13,0.165470301
2020/3/14,-0.380690798
2020/3/15,-0.609630382
2020/3/16,0.825826347
2020/3/17,-0.01245089
2020/3/18,0.063389188
2020/3/19,0.195225611
2020/3/20,-0.11831528
2020/3/21,-0.375657332
2020/3/22,-0.762857145
2020/3/23,1.262189795
2020/3/24,0.080522681
2020/3/25,-0.0879831
2020/3/26,0.013332276
2020/3/27,-0.076331536
2020/3/28,-0.183541142
2020/3/29,-0.611726491
2020/3/30,0.907735799
2020/3/31,-0.942905716
2020/4/1,0.656184547
2020/4/2,0.053162574
2020/4/3,0.054916748
2020/4/4,-0.259700911
2020/4/5,0.04500859
2020/4/6,0.416160302
2020/4/7,-0.170796736
2020/4/8,0.118393305
2020/4/9,0.058725653
2020/4/10,-0.239541962
2020/4/11,-0.077115117
2020/4/12,-0.345878523
2020/4/13,0.637039048
2020/4/14,0.096950233
2020/4/15,-0.230240633
2020/4/16,0.282243256
2020/4/17,0.060940196
2020/4/18,-0.179774595
2020/4/19,-0.209119378
2020/4/20,0.262944885
2020/4/21,-0.129866246
2020/4/22,0.14008786
2020/4/23,-0.011544334
2020/4/24,0.07830597
2020/4/25,-0.047897323
2020/4/26,0.042830939
2020/4/27,0.106146764
2020/4/28,-0.099355084
2020/4/29,0.072173346
2020/4/30,-0.167881462
2020/5/1,-0.086257916
2020/5/2,0.022711126
2020/5/3,-0.153048479
2020/5/4,0.387599798
2020/5/5,-0.082966013
2020/5/6,-0.025861504
2020/5/7,0.085497678
2020/5/8,0.048663335
2020/5/9,-0.261230777
2020/5/10,-0.062009337
2020/5/11,0.312209044
2020/5/12,-0.114203228
2020/5/13,-0.007103496
2020/5/14,0.111825382
2020/5/15,0.008323431
2020/5/16,-0.012330163
2020/5/17,-0.010131147
2020/5/18,0.051911959
2020/5/19,-0.093139003
2020/5/20,0.030493092
2020/5/21,-0.073234892
2020/5/22,0.102754115
2020/5/23,-0.025493333
2020/5/24,-0.008049447
2020/5/25,0.052103971
2020/5/26,0.030264767
2020/5/27,-0.03300959
2020/5/28,-0.080974739
2020/5/29,0.028882642
2020/5/30,-0.113287747
2020/5/31,-0.114880577
2020/6/1,0.305940922
2020/6/2,-0.04525645
2020/6/3,0.103796665
2020/6/4,0.00893143
2020/6/5,0.033586885
2020/6/6,-0.0351062
2020/6/7,-0.021803386
2020/6/8,0.070055532
2020/6/9,-0.109156388
2020/6/10,-0.00076156
2020/6/11,-0.192685692
2020/6/12,0.098630877
2020/6/13,-0.068061863
2020/6/14,-0.153385238
2020/6/15,0.270883037
2020/6/16,-0.003230195
2020/6/17,-0.043328375
2020/6/18,0.094018191
2020/6/19,-0.024746571
2020/6/20,-0.092700234
2020/6/21,-0.079741462
2020/6/22,0.194015056
2020/6/23,0.060471065
2020/6/24,-0.132887182
2020/6/25,0.099145703
2020/6/26,-0.089126408
2020/6/27,-0.060845484
2020/6/28,-0.081059721
2020/6/29,0.279206129
2020/6/30,-0.029943693